annotation_id,case_id,split,is_hero,scene_major,scene_minor,chat_rows,order_rows,ticket_rows,image_path_category,ticket_type,ticket_status,ticket_id,order_verified,issue_explained,evidence_submitted,evidence_status,scope_consistency,covered,missing,promise_count,promise_classes,primary_promise_text,primary_promise_deadline,consumer_intent,service_cause,latent_need,cooperation_willingness,creates_obligation,obligation_type,current_milestone,prohibited_actions,recommended_candidate,candidate_type_contract,reference_action,decision,rule_id,rule_priority,expected_case_status,consumer_input_required,expected_next_check_at,confidence,review_status,open_questions
ANN_DEV_01,S00001,DEV_REGRESSION,true,补发换货,破损换货,聊天记录!A2:R7,订单!A45:S45,补发换货工单!A10:S10,broken_pump,REPLACEMENT,进行中,BH919209358357,true,true,true,VALID,IN_SCOPE,PRODUCT_IDENTITY;AFFECTED_COMPONENT;DAMAGE_DETAIL;PACKAGE_CONTEXT,BATCH_LABEL,2,STANDARD_APPROVED/ACTIVE;STANDARD_APPROVED/ACTIVE,收到亲，确认属包装破损，为您登记换货：先给您发全新的，收到后用包裹里的面单把坏的寄回就好，运费我们出~,,确认损坏可换并让品牌尽快发出换货商品,消费者已提交证据、客服已确认破损并创建换货单、48 小时承诺已生效，但消费者仍需自行追问是否发出,品牌主动核实补发履约进度并给出确定进展，不需要再重复举证,STABLE,true,REPLACEMENT_FULFILLMENT,AWAITING_CARRIER_PICKUP,ASK_SAME_EVIDENCE;ASK_REPEAT_EXPLANATION;SHIFT_FOLLOW_UP_TO_CONSUMER;CLOSE_BEFORE_RESOLUTION,CHECK_REPLACEMENT_FULFILLMENT,CHECK_REPLACEMENT_FULFILLMENT,ASK_EVIDENCE,INTERVENE,E1,300,IN_FULFILLMENT,false,2026-05-07T10:27:37+08:00,HIGH,FIRST_PASS,OI-03：本例 evaluation_time 在 fixtures/demo-cases.json 中为 2026-05-07T11:00:00+08:00，晚于承诺截止 10:27:37，与 PRODUCT-FREEZE P0-4 的「承诺即将到期」口径冲突，需产品负责人裁决。 | PRODUCT-FREEZE 附录 P0-4 写「next_check_at 统一 10:30」，而 docs/04 第 3 节的回执样例写「最迟更新：2026-05-07 10:27 前」。本批按 A6「通知时间 = open_obligation.next_check_at = next_update_by 三处相等」取 10:27:37，与回执样例一致；P0-4 的 10:30 需产品负责人确认。
ANN_DEV_02,S00203,DEV_REGRESSION,false,补发换货,破损换货,聊天记录!A899:R905,订单!A113:S113,补发换货工单!A23:S23,broken_pump,REPLACEMENT,已完结,BH946416168326,true,true,true,VALID,IN_SCOPE,PRODUCT_IDENTITY;AFFECTED_COMPONENT;DAMAGE_DETAIL,PACKAGE_CONTEXT;BATCH_LABEL,2,STANDARD_APPROVED/ACTIVE;STANDARD_APPROVED/ACTIVE,收到亲，确认属包装破损，为您登记换货：先给您发全新的，收到后用包裹里的面单把坏的寄回就好，运费我们出~,,尽快完成换货，拿到可正常使用的商品,同一批次到手破损问题重复出现，消费者已举证但需要品牌继续推进换货,品牌主动跟踪补发，不要让消费者再次举证或催促,STABLE,true,REPLACEMENT_FULFILLMENT,IN_TRANSIT,ASK_SAME_EVIDENCE;ASK_REPEAT_EXPLANATION;CLOSE_BEFORE_RESOLUTION,CHECK_REPLACEMENT_FULFILLMENT,CHECK_REPLACEMENT_FULFILLMENT,ASK_EVIDENCE,INTERVENE,E1,300,IN_FULFILLMENT,false,2026-05-14T09:09:05+08:00,MEDIUM,FIRST_PASS,工单 完成时间 11:52:15 晚于会话最后一条消息 09:09:35，说明赛事记录是在会话结束后才补记工单结果，评估时点需按约定 1 取最晚值。
ANN_DEV_03,S00018,DEV_REGRESSION,false,补发换货,错发色号,聊天记录!A123:R130,订单!A35:S35,补发换货工单!A7:S7,wrong_shade,REPLACEMENT,已完结,BH697811247059,true,true,true,VALID,IN_SCOPE,PRODUCT_IDENTITY;AFFECTED_COMPONENT;DAMAGE_DETAIL,PACKAGE_CONTEXT,1,STANDARD_APPROVED/ACTIVE,好的亲，换货工单已创建，今天为您发出#05枫叶红，包裹里附退货面单，您把#01赤茶红原样放进去交给快递员就行，全程不用您花一分钱~,2026-05-05T23:59:59+08:00,拿到正确色号的商品,仓库发错色号，消费者被迫先举证再选择处理方案,品牌直接确认问题并给出无需消费者额外负担的换货路径,DECLINING,true,REPLACEMENT_FULFILLMENT,IN_TRANSIT,ASK_SAME_EVIDENCE;ASK_REPEAT_EXPLANATION;SHIFT_FOLLOW_UP_TO_CONSUMER;CLOSE_BEFORE_RESOLUTION,CHECK_REPLACEMENT_FULFILLMENT,CHECK_REPLACEMENT_FULFILLMENT,ASK_EVIDENCE,INTERVENE,E1,300,IN_FULFILLMENT,false,2026-05-05T21:56:38+08:00,HIGH,FIRST_PASS,
ANN_DEV_04,S00031,DEV_REGRESSION,false,补发换货,错发色号,聊天记录!A218:R225,订单!A88:S88,补发换货工单!A16:S16,wrong_shade,REPLACEMENT,已完结,BH695419716917,true,true,true,VALID,IN_SCOPE,PRODUCT_IDENTITY;DAMAGE_DETAIL,PACKAGE_CONTEXT,1,STANDARD_APPROVED/ACTIVE,好的亲，换货工单已创建，今天为您发出#05枫叶红，包裹里附退货面单，您把#01赤茶红原样放进去交给快递员就行，全程不用您花一分钱~,2026-05-06T23:59:59+08:00,换成正确色号,仓库错发色号；消费者第二次表达（配文补充证据内容）说明其已预感需要反复举证,品牌一次确认、直接换货，无需再补充说明,DECLINING,true,REPLACEMENT_FULFILLMENT,IN_TRANSIT,ASK_SAME_EVIDENCE;ASK_REPEAT_EXPLANATION;CLOSE_BEFORE_RESOLUTION,CHECK_REPLACEMENT_FULFILLMENT,CHECK_REPLACEMENT_FULFILLMENT,ASK_EVIDENCE,INTERVENE,E1,300,IN_FULFILLMENT,false,2026-05-06T12:27:05+08:00,HIGH,FIRST_PASS,
ANN_DEV_05,S00023,DEV_REGRESSION,false,物流异常,包裹少件,聊天记录!A159:R166,订单!A31:S31,物流工单!A9:S9,short_item,LOGISTICS,工单组处理,WL698348054,true,true,true,VALID,IN_SCOPE,PRODUCT_IDENTITY;PACKAGE_CONTEXT;DAMAGE_DETAIL,AFFECTED_COMPONENT,2,STANDARD_APPROVED/ACTIVE;STANDARD_APPROVED/ACTIVE,收到亲，已登记少件工单，仓库正在复核出库录像，24小时内给您结果；若确认漏发，立即补发缺少商品~,2026-05-06T21:39:23+08:00,拿回缺少的商品,仓库分拣遗漏导致少件，消费者需先举证再等待仓库复核,尽早补发并主动告知结果，不要反复索要证据,STABLE,true,REPLACEMENT_FULFILLMENT,AWAITING_CARRIER_PICKUP,ASK_SAME_EVIDENCE;ASK_REPEAT_EXPLANATION;CLOSE_BEFORE_RESOLUTION,CHECK_REPLACEMENT_FULFILLMENT,CHECK_REPLACEMENT_FULFILLMENT,ASK_EVIDENCE,INTERVENE,E1,300,IN_FULFILLMENT,false,2026-05-06T09:39:23+08:00,HIGH,FIRST_PASS,第 7 条客服消息含句内自我更正（到付→包邮），是本批唯一的承诺更正正例，建议在复审时重点确认分类口径。 | 禁止项到动作的映射缺口：docs/03-firewall-rules.md 规定 SHIFT_FOLLOW_UP_TO_CONSUMER 受阻的是「把已完成输入后的履约跟进交回消费者的动作」，但 PreparedAction 的四个合法动作里没有语义完全对应的取值。本批用 CREATE_FOLLOW_UP_TASK 近似，需产品负责人确认该映射。
ANN_DEV_06,S00011,DEV_REGRESSION,false,物流异常,包裹破损,聊天记录!A76:R82,订单!A80:S80,物流工单!A2:S2,broken_parcel,LOGISTICS,工单组处理,WL101842381,true,true,true,VALID,IN_SCOPE,PRODUCT_IDENTITY;AFFECTED_COMPONENT;DAMAGE_DETAIL;PACKAGE_CONTEXT,BATCH_LABEL,4,STANDARD_APPROVED/ACTIVE;AMBIGUOUS/IGNORED;STANDARD_APPROVED/ACTIVE;STANDARD_APPROVED/ACTIVE,收到照片了亲，确认是运输破损，实在抱歉！这边直接给您原地址补发一件全新的面霜，破损的不用寄回，您处理掉就好，注意安全哈~,,让品牌处理运输破损并尽快收到完好的商品,运输破损导致商品无法使用，消费者需要提交证据并等待补发,无需寄回、无需反复举证，品牌直接补发并主动同步时效,STABLE,true,REPLACEMENT_FULFILLMENT,AWAITING_CARRIER_PICKUP,ASK_SAME_EVIDENCE;ASK_REPEAT_EXPLANATION;CLOSE_BEFORE_RESOLUTION,CHECK_REPLACEMENT_FULFILLMENT,CHECK_REPLACEMENT_FULFILLMENT,ASK_EVIDENCE,INTERVENE,E1,300,IN_FULFILLMENT,false,2026-05-06T09:20:44+08:00,MEDIUM,FIRST_PASS,同一条客服消息内同时存在确定承诺、模糊表达与安抚赠品三类内容，本批按三条分别标注；复审时需确认是否与 B 线的抽取粒度一致。
ANN_DEV_07,S00064,DEV_REGRESSION,false,补发换货,少发正装,聊天记录!A450:R456,订单!A62:S62,补发换货工单!A14:S14,missing_item,REPLACEMENT,已完结,BH877117054803,true,true,true,VALID,IN_SCOPE,PRODUCT_IDENTITY;PACKAGE_CONTEXT;DAMAGE_DETAIL,AFFECTED_COMPONENT,3,STANDARD_APPROVED/ACTIVE;STANDARD_APPROVED/ACTIVE;AMBIGUOUS/IGNORED,收到亲，已为您登记加急工单。仓库复核出库视频确认面霜漏装，真的非常抱歉！马上为您补发，今天顺丰发出，并附赠测试发膜体验装30ml一份向您赔罪~,2026-05-07T23:59:59+08:00,拿回被漏发的商品并让问题尽快解决,仓库漏装正装商品，消费者被迫举证并以投诉施压,品牌确认责任、快速补发，且不再要求重复举证,LOW,true,REPLACEMENT_FULFILLMENT,IN_TRANSIT,ASK_SAME_EVIDENCE;ASK_REPEAT_EXPLANATION;CLOSE_BEFORE_RESOLUTION,CHECK_REPLACEMENT_FULFILLMENT,CHECK_REPLACEMENT_FULFILLMENT,ASK_EVIDENCE,INTERVENE,E1,300,IN_FULFILLMENT,false,2026-05-08T09:01:57+08:00,MEDIUM,FIRST_PASS,
ANN_DEV_08,S00029,DEV_REGRESSION,false,退款打款,退款金额少退补打,聊天记录!A206:R213,订单!A3:S3,线下打款工单!A6:S6,refund_screenshot,OFFLINE_PAYMENT,已完结,HV7607477945,true,true,true,MISMATCHED,OUT_OF_SCOPE,PRODUCT_IDENTITY,,2,APPROVAL_REQUIRED/PENDING_APPROVAL;STANDARD_APPROVED/ACTIVE,亲亲，核对了您的订单：系统按商品价退款，把您付的补差运费23.5元漏算了，实在抱歉！差额这边走线下打款补给您~,,拿到被少退的 23.5 元差额,系统退款漏算补差运费，需要消费者自行发现问题并提出,退款金额一次算准，不需要消费者对账,DECLINING,true,OFFLINE_PAYMENT,,ASK_SAME_EVIDENCE;ASK_REPEAT_EXPLANATION,OFFLINE_PAYMENT_REVIEW,HUMAN_EVIDENCE_REVIEW,CHECK_REPLACEMENT_PROGRESS,ALLOW,E0_NO_RULE_MATCHED,0,ACTION_REVIEW,false,2026-05-07T09:09:58+08:00,MEDIUM,FIRST_PASS,本案例同时包含「APPROVAL_REQUIRED 的资金承诺」与「可放行的索证动作」，两者分属不同规则层，复审时需确认 expected_decision 的参考动作口径。
ANN_DEV_09,S00362,DEV_REGRESSION,false,退款打款,售后期关闭过敏退款,聊天记录!A972:R979,订单!A41:S41,线下打款工单!A8:S8,refund_screenshot,OFFLINE_PAYMENT,进行中,HV8045912170,true,true,false,MISMATCHED,OUT_OF_SCOPE,,PRODUCT_IDENTITY;AFFECTED_COMPONENT;DAMAGE_DETAIL,2,APPROVAL_REQUIRED/PENDING_APPROVAL;CONDITIONAL/PENDING_APPROVAL,亲别担心，查到您的退货已入库验收无误，只是平台售后期已过无法原路退款。这边走线下打款流程给您退，一分不会少的~,,拿回已退货但未到账的 12 元退款,平台售后期关闭导致原路退款失败，退款责任需要线下补付,品牌直接完成线下打款，不需要消费者反复确认流程,DECLINING,true,OFFLINE_PAYMENT,,ASK_SAME_EVIDENCE,OFFLINE_PAYMENT_REVIEW,HUMAN_EVIDENCE_REVIEW,CHECK_REPLACEMENT_PROGRESS,ALLOW,E0_NO_RULE_MATCHED,0,ACTION_REVIEW,false,2026-05-19T09:25:36+08:00,MEDIUM,FIRST_PASS,本案例上下文涉及过敏退货，但赛事工单类型为「线下打款工单」而非不良反应工单；复审需确认是否需要按 H1 转人工，还是仅按资金类人工审批处理。
ANN_DEV_10,S00154,DEV_REGRESSION,false,不良反应,过敏就医,聊天记录!A830:R838,订单!A29:S29,不良反应工单!A8:S8,consult_card,ADVERSE_REACTION,已完结,BLFY27898314,true,true,true,NEED_HUMAN_REVIEW,UNDETERMINED,PRODUCT_IDENTITY,AFFECTED_COMPONENT;DAMAGE_DETAIL,3,APPROVAL_REQUIRED/PENDING_APPROVAL;STANDARD_APPROVED/ACTIVE;CONDITIONAL/PENDING_APPROVAL,收到资料，已为您建立不良反应专项工单并升级处理。方案：①商品全额退款；②凭医疗票据报销本次门诊费用；③专员24小时内电话回访跟进恢复情况。您看可以吗？,,获得医疗费用补偿与退货退款，并确认产品安全性,使用后出现就医级不良反应，消费者需要品牌承担处置责任,被认真对待、尽快获得明确处置方案，而不是被反复询问或推诿,DECLINING,true,ADVERSE_REACTION_HANDOFF,,ASK_SAME_EVIDENCE;ASK_REPEAT_EXPLANATION,HUMAN_ADVERSE_REACTION_HANDOFF,HUMAN_EVIDENCE_REVIEW,ASK_EVIDENCE,HUMAN_REVIEW,H1,200,ACTION_REVIEW,false,2026-05-12T16:22:04+08:00,HIGH,FIRST_PASS,该案例含健康类敏感信息（症状、就医事实），已按治理要求掩码；标注文件本身保留业务事实用于评测，不外发。
ANN_DEV_11,S00015,DEV_REGRESSION,false,不良反应,过敏就医,聊天记录!A103:R111,订单!A12:S12,不良反应工单!A10:S10,,ADVERSE_REACTION,已完结,BLFY61738711,true,true,false,NEED_HUMAN_REVIEW,UNDETERMINED,,PRODUCT_IDENTITY;AFFECTED_COMPONENT;DAMAGE_DETAIL,3,APPROVAL_REQUIRED/PENDING_APPROVAL;STANDARD_APPROVED/ACTIVE;CONDITIONAL/PENDING_APPROVAL,收到资料，已为您建立不良反应专项工单并升级处理。方案：①商品全额退款；②凭医疗票据报销本次门诊费用；③专员24小时内电话回访跟进恢复情况。您看可以吗？,,获得赔偿与治疗方案确认,使用后出现就医级不良反应，消费者对品牌是否担责缺乏信任,品牌快速给出可执行的处置方案，而不是要求反复举证,LOW,true,ADVERSE_REACTION_HANDOFF,,ASK_SAME_EVIDENCE;ASK_REPEAT_EXPLANATION,HUMAN_ADVERSE_REACTION_HANDOFF,HUMAN_EVIDENCE_REVIEW,ASK_EVIDENCE,HUMAN_REVIEW,H1,200,ACTION_REVIEW,false,2026-05-06T16:38:49+08:00,HIGH,FIRST_PASS,
ANN_DEV_12,S00010,DEV_REGRESSION,false,不良反应,泛红刺痒,聊天记录!A66:R75,订单!A11:S11,不良反应工单!A5:S5,,ADVERSE_REACTION,待处理,BLFY49330652,true,true,false,NEED_HUMAN_REVIEW,UNDETERMINED,,PRODUCT_IDENTITY;AFFECTED_COMPONENT;DAMAGE_DETAIL,2,STANDARD_APPROVED/ACTIVE;CONDITIONAL/PENDING_APPROVAL,这边已为您登记不良反应记录单，专员会在24小时内回访跟进哦~,2026-05-06T14:34:29+08:00,弄清皮肤反应原因并决定是否继续使用该产品,使用后出现泛红刺痒，消费者对产品适肤性产生怀疑，但缺少可视证据,得到明确的安全指引与后续处理承诺，而不是被反复追问信息,STABLE,true,ADVERSE_REACTION_HANDOFF,,ASK_SAME_EVIDENCE;ASK_REPEAT_EXPLANATION,HUMAN_ADVERSE_REACTION_HANDOFF,HUMAN_EVIDENCE_REVIEW,ASK_EVIDENCE,HUMAN_REVIEW,H1,200,ACTION_REVIEW,false,2026-05-06T14:34:29+08:00,HIGH,FIRST_PASS,
ANN_DEV_13,S00098,DEV_REGRESSION,false,不良反应,闷痘爆痘,聊天记录!A694:R702,订单!A65:S65,不良反应工单!A9:S9,,ADVERSE_REACTION,已完结,BLFY50417006,true,true,false,NEED_HUMAN_REVIEW,UNDETERMINED,,PRODUCT_IDENTITY;AFFECTED_COMPONENT;DAMAGE_DETAIL,3,APPROVAL_REQUIRED/PENDING_APPROVAL;CONDITIONAL/PENDING_APPROVAL;STANDARD_APPROVED/ACTIVE,收到，已登记不良反应记录。停用后无新增说明大概率是产品不适配您的肤质~剩余商品支持退货退款，这就为您发起，运费我们承担哦~,,确认是否因产品致痘，并决定退货,使用后出现闷痘，消费者将因果归因于产品，但缺少客观证据,得到关于产品是否适合自己的明确说明，以及简单的退货路径,STABLE,true,ADVERSE_REACTION_HANDOFF,,ASK_SAME_EVIDENCE;ASK_REPEAT_EXPLANATION,HUMAN_ADVERSE_REACTION_HANDOFF,HUMAN_EVIDENCE_REVIEW,ASK_EVIDENCE,HUMAN_REVIEW,H1,200,ACTION_REVIEW,false,2026-05-10T11:10:31+08:00,MEDIUM,FIRST_PASS,客服在会话中给出了「大概率是产品不适配」的推断性结论，属于模型与规则都不应输出的因果判断，建议复审时确认是否列入错误案例。
ANN_DEV_14,S00024,DEV_REGRESSION,false,售后退货,仅退款疑似异常,聊天记录!A167:R173,订单!A52:S52,售后退货工单!A2:S2,,RETURN,处理中,KOC3195289,true,true,false,NEED_HUMAN_REVIEW,UNDETERMINED,,PACKAGE_CONTEXT;PRODUCT_IDENTITY;AFFECTED_COMPONENT,2,AMBIGUOUS/IGNORED;CONDITIONAL/PENDING_APPROVAL,理解您的心情亲~按流程空包裹需要核实出库称重记录和物流揽收重量，这边已提交核实工单，有结果第一时间联系您，请您配合提供下照片哦~,,不退货直接拿到全额退款,消费者主张空包裹，但风控流程要求先核实重量与出库记录，双方对事实存在争议,被信任并快速处理，而不是被要求反复举证,LOW,true,RETURN_HANDLING,,ASK_REPEAT_EXPLANATION;CLOSE_BEFORE_RESOLUTION,VERIFY_EMPTY_PARCEL_CLAIM,HUMAN_EVIDENCE_REVIEW,ASK_EVIDENCE,HUMAN_REVIEW,H1,200,ACTION_REVIEW,false,2026-05-06T21:42:59+08:00,HIGH,FIRST_PASS,
ANN_DEV_15,S00026,DEV_REGRESSION,false,售后退货,七天无理由退货,聊天记录!A182:R190,订单!A42:S42,售后退货工单!A13:S13,,RETURN,处理中,KOC2683305,true,true,false,VALID,IN_SCOPE,,,3,STANDARD_APPROVED/ACTIVE;STANDARD_APPROVED/ACTIVE;STANDARD_APPROVED/ACTIVE,"可以的亲，未拆封支持七天无理由退货哦~您在订单页申请退货退款，选""不想要了""，系统通过后把退货单号填进去就行~",,退回不想要的商品并拿回货款,无服务失误；消费者主动改变购买意愿，需要明确流程与费用归属,清楚知道怎么退、运费谁出、多久到账,STABLE,true,RETURN_HANDLING,,ASK_SAME_EVIDENCE;CLOSE_BEFORE_RESOLUTION,RETURN_FLOW_GUIDANCE,ASK_CURRENT_SCOPE_EVIDENCE,CHECK_REPLACEMENT_PROGRESS,ALLOW,E0_NO_RULE_MATCHED,0,READY_FOR_BRAND,false,2026-05-08T14:24:35+08:00,HIGH,FIRST_PASS,
ANN_DEV_16,S00132,DEV_REGRESSION,false,售后退货,色号不合适退货,聊天记录!A775:R781,订单!A103:S103,售后退货工单!A14:S14,swatch,RETURN,已完结,KOC2089946,true,true,true,MISMATCHED,OUT_OF_SCOPE,PRODUCT_IDENTITY,AFFECTED_COMPONENT;DAMAGE_DETAIL,3,STANDARD_APPROVED/ACTIVE;STANDARD_APPROVED/ACTIVE;STANDARD_APPROVED/ACTIVE,可以的亲~轻微试色支持退换哦。建议直接申请退货退款，寄回后重新拍#05枫叶红，这样最快；运费这边给您报销哦~,,把不合适的色号退掉并换成适合的颜色,色号不适配，消费者需要退换与运费报销,换货流程简单、运费有人承担、不再被要求额外举证,STABLE,true,RETURN_HANDLING,IN_TRANSIT,ASK_REPEAT_EXPLANATION;CLOSE_BEFORE_RESOLUTION,RETURN_FLOW_GUIDANCE,ASK_CURRENT_SCOPE_EVIDENCE,ASK_EVIDENCE,ALLOW,E2,100,IN_FULFILLMENT,false,2026-05-11T09:08:54+08:00,MEDIUM,FIRST_PASS,E2 规则原文列举的变化项为「订单、商品货号、正装/赠品、问题组件或证据类型」，本案例落在「证据类型」一项；复审时需确认 B 线是否实现了证据类型维度的比对。
ANN_DEV_17,S00034,DEV_REGRESSION,false,订单服务,直播间承诺纠纷,聊天记录!A240:R246,订单!A84:S84,补发换货工单!A24:S24,live_promise,REPLACEMENT,已完结,BH758933100232,true,true,true,VALID,IN_SCOPE,PRODUCT_IDENTITY,,2,STANDARD_APPROVED/ACTIVE;AMBIGUOUS/IGNORED,亲亲收到您的截图啦~核实到昨晚直播确有该福利，是发货时赠品未关联上，实在抱歉！这边给您登记补发测试舒缓面霜中样15ml，48小时内发出哦哈~,2026-05-08T14:32:47+08:00,拿到直播承诺的赠品,直播承诺未随订单履约，消费者需要用截图自证，信任受损,品牌承认承诺并主动补发，不需要消费者反复举证,DECLINING,true,REPLACEMENT_FULFILLMENT,IN_TRANSIT,ASK_SAME_EVIDENCE;ASK_REPEAT_EXPLANATION;CLOSE_BEFORE_RESOLUTION,CHECK_REPLACEMENT_FULFILLMENT,CHECK_REPLACEMENT_FULFILLMENT,ASK_EVIDENCE,INTERVENE,E1,300,IN_FULFILLMENT,false,2026-05-07T14:32:47+08:00,MEDIUM,FIRST_PASS,本案例的问题类型是「直播承诺赠品未履约」，但 CaseInput.current_issue.issue_type 的枚举只有 PACKAGE_DAMAGE / LOGISTICS_STALLED / ADVERSE_REACTION，无法直接表达该类问题。本批按 PACKAGE_DAMAGE 归入（履约类问题），建议作为契约适配问题提交产品负责人确认。
ANN_DEV_18,S00007,DEV_REGRESSION,false,补发换货,漏发赠品,聊天记录!A44:R49,订单!A26:S26,补发换货工单!A6:S6,,REPLACEMENT,已完结,BH142092289687,true,true,false,NEED_HUMAN_REVIEW,UNDETERMINED,PRODUCT_IDENTITY,,2,STANDARD_APPROVED/ACTIVE;ERRONEOUS_OR_UNAUTHORIZED/BLOCKED,已为您创建补发工单，48小时内发出，发货后单号同步给您，这次仓库会重点核对的，请您放心哦~,2026-05-07T12:45:57+08:00,拿到下单页面承诺的赠品,赠品未随包裹发出，且系统赠品记录与消费者认知不一致,品牌确认赠品归属并主动补发，不需要消费者自证,STABLE,false,,,ASK_SAME_EVIDENCE;CLOSE_BEFORE_RESOLUTION,HUMAN_EVIDENCE_REVIEW,HUMAN_EVIDENCE_REVIEW,ASK_EVIDENCE,HUMAN_REVIEW,H1,200,ACTION_REVIEW,false,,MEDIUM,FIRST_PASS,本案例是本批唯一出现 ERRONEOUS_OR_UNAUTHORIZED 分类的案例，起因是赛事 Mock 数据本身的赠品列与话术不一致（见 01-数据字段确认.md 6.2）。复审时需确认该分类的使用是否符合产品口径，或应改用独立的事实冲突标记。
ANN_DEV_19,S00115,DEV_REGRESSION,false,补发换货,会员权益加赠补发,聊天记录!A758:R764,订单!A22:S22,补发换货工单!A20:S20,,REPLACEMENT,进行中,BH562082745370,true,true,false,VALID,IN_SCOPE,PRODUCT_IDENTITY,,2,STANDARD_APPROVED/ACTIVE;STANDARD_APPROVED/ACTIVE,亲亲，核实到您符合会员加赠条件，是系统没有自动关联赠品订单，抱歉啦！这边走权益加赠补发流程，给您单独补寄测试B5面膜体验装2片~,,拿到会员权益承诺的加赠礼,系统未自动关联会员加赠，权益未随订单履约,品牌承认权益并主动补寄，不需要消费者反复说明,STABLE,true,REPLACEMENT_FULFILLMENT,AWAITING_CARRIER_PICKUP,ASK_SAME_EVIDENCE;ASK_REPEAT_EXPLANATION;CLOSE_BEFORE_RESOLUTION,CHECK_REPLACEMENT_FULFILLMENT,CHECK_REPLACEMENT_FULFILLMENT,ASK_EVIDENCE,INTERVENE,E1,300,IN_FULFILLMENT,false,2026-05-10T22:23:28+08:00,MEDIUM,FIRST_PASS,本案例与 S00007 同为「聊天提到的赠品不在订单赠品列」，但一个合法、一个冲突，区分依据是工单事实与售后原因。建议复审时确认该判别口径已写入 B 线的导入实现。
ANN_DEV_20,S00016,DEV_REGRESSION,false,订单服务,退款进度查询,聊天记录!A112:R115,订单!A17:S17,,,NO_TICKET,,,true,true,false,VALID,IN_SCOPE,,,1,STANDARD_APPROVED/ACTIVE,亲亲，查到您的退款5.05元已于昨日原路退回，银行卡支付一般1-3个工作日到账，请您留意银行到账短信哦~,2026-05-08T16:47:43+08:00,确认退款是否已经到账,银行渠道到账延迟导致消费者产生不确定感，需要人工确认一次,有人直接告诉他款项状态，而不是让他自己去查,STABLE,false,,,CLOSE_BEFORE_RESOLUTION,CHECK_REPLACEMENT_PROGRESS,CHECK_REPLACEMENT_FULFILLMENT,CHECK_REPLACEMENT_PROGRESS,ALLOW,E0_NO_RULE_MATCHED,0,READY_FOR_BRAND,false,,HIGH,FIRST_PASS,
